name,email,gender
Lief,lrome0@multiply.com,Male
Katie,kshwalbe1@youku.com,Female
Victoria,vlilley2@vinaora.com,Bigender
Gasparo,glummus3@myspace.com,Male
Kelsey,kforce4@nasa.gov,Male
Corissa,cwhorall5@yahoo.co.jp,Female
Buckie,bheymann6@stanford.edu,Male
Twila,tpolet7@jigsy.com,Polygender
Aura,ajosum8@alibaba.com,Bigender
Marsh,msiflet9@printfriendly.com,Male
Charissa,cdania@spiegel.de,Female
Bartholemy,bmorlingb@diigo.com,Genderfluid
Arni,adignamc@sogou.com,Male
Stefa,smaleckd@seattletimes.com,Female
Chuck,cmccowene@tripadvisor.com,Male
Collin,cdallawayf@w3.org,Male
Fidelio,fgalierg@plala.or.jp,Polygender
Celestina,cleckenbyh@redcross.org,Non-binary
Madelina,mtimewelli@etsy.com,Female
Evvie,ecossorj@creativecommons.org,Female
Ramsay,rbournerk@edublogs.org,Male
Melodee,mphalpl@nymag.com,Female
Brockie,bderillm@yelp.com,Male
Broddie,bbardnamn@umn.edu,Male
Wynn,wpeotzo@dagondesign.com,Male
Walker,woscroftp@so-net.ne.jp,Male
Dorine,dlhommeauq@weebly.com,Female
Blake,bjewisr@amazon.co.jp,Male
Shayne,sluxtons@gizmodo.com,Female
Rurik,rmcgrottyt@a8.net,Male
Palmer,pweemsu@mac.com,Male
Theodoric,tbackshellv@thetimes.co.uk,Male
Delmar,dschabenw@cdc.gov,Male
Laurette,ldenyaginx@baidu.com,Female
Trevar,tpleasancey@etsy.com,Male
Bartlett,bmannaz@uiuc.edu,Male
Jacques,jlanchester10@usda.gov,Male
Kasey,kpraill11@latimes.com,Female
Ede,efetherstonhaugh12@fema.gov,Female
Erina,efaires13@hugedomains.com,Female
Dallis,dwidger14@hao123.com,Male
Tirrell,tgagin15@ihg.com,Male
Jacinthe,jmcshirrie16@blogspot.com,Female
Adoree,abogart17@skyrock.com,Female
Budd,bvaneeden18@devhub.com,Male
Cherri,crowlinson19@gnu.org,Polygender
Romona,rbarrim1a@sohu.com,Genderfluid
Jedediah,jzaniolo1b@hhs.gov,Male
Eldredge,ethay1c@amazon.de,Male
Chev,cahern1d@hubpages.com,Male
Milty,mwitsey1e@mediafire.com,Male
Quintus,qsaggers1f@nps.gov,Male
Geralda,gemons1g@vkontakte.ru,Female
Erwin,esotheby1h@i2i.jp,Male
Tabbie,tiglesias1i@people.com.cn,Male
Flory,fottawell1j@ameblo.jp,Female
Vernice,vmishaw1k@odnoklassniki.ru,Female
Jaymie,jaspel1l@instagram.com,Male
Faulkner,fmclauchlin1m@shareasale.com,Male
Marcel,mpacheco1n@histats.com,Male
Sandy,sjoreau1o@ibm.com,Female
Teodoor,thiley1p@tmall.com,Male
Noah,nbrundrett1q@epa.gov,Male
Robinet,rallaker1r@bloglines.com,Female
Hobie,hbisco1s@ebay.com,Male
Vladimir,vfolker1t@joomla.org,Male
Sherie,sgerok1u@dot.gov,Female
Christalle,cklousner1v@whitehouse.gov,Female
Joycelin,jhalleday1w@ca.gov,Female
Mersey,mduffett1x@usa.gov,Female
Kenneth,krooke1y@php.net,Bigender
Milka,mrime1z@imdb.com,Female
Laverne,lknappett20@squarespace.com,Agender
Brannon,bdresse21@weebly.com,Male
Joell,jbalcon22@usda.gov,Female
Bobbe,bfernie23@dion.ne.jp,Female
Clovis,clinkie24@noaa.gov,Female
Melessa,mtalloe25@meetup.com,Female
Arnuad,arimbault26@ucla.edu,Male
Sherlock,sscurlock27@w3.org,Male
Karel,kbilling28@360.cn,Male
Linette,ljacop29@wsj.com,Female
Keefe,kratlee2a@merriam-webster.com,Male
Shirleen,seastment2b@kickstarter.com,Non-binary
Bastian,bjandak2c@ft.com,Male
Noland,nlestrange2d@odnoklassniki.ru,Male
Joyous,jsyrie2e@unc.edu,Female
Coretta,ckitteman2f@hatena.ne.jp,Female
Mia,msinney2g@godaddy.com,Agender
Kimberlee,ksalliss2h@amazon.com,Female
Welbie,wbum2i@lycos.com,Male
Pattie,pswindlehurst2j@microsoft.com,Male
Marianne,mgavrielli2k@amazon.de,Female
Henri,hsutty2l@miitbeian.gov.cn,Male
Marissa,mgraddon2m@statcounter.com,Female
Foster,fmearns2n@ocn.ne.jp,Genderqueer
Fanny,fratcliffe2o@house.gov,Female
Sigismondo,saslett2p@fda.gov,Male
Emilie,ethowes2q@businessinsider.com,Genderqueer
Faythe,fsimonini2r@ibm.com,Female
Reine,rmayell2s@eventbrite.com,Female
Pietrek,pklimentyev2t@unicef.org,Male
Allan,afaldo2u@cargocollective.com,Male
Brandon,bvelten2v@quantcast.com,Male
Roy,rdallosso2w@hc360.com,Male
Sharla,sscown2x@ebay.co.uk,Female
Cord,ckirimaa2y@discuz.net,Male
Annelise,asorel2z@gizmodo.com,Female
Cornelle,cstandbrooke30@posterous.com,Female
Sephira,sferrey31@mit.edu,Female
Samara,scaddie32@meetup.com,Female
Rina,rstranaghan33@360.cn,Female
Warren,wmcaughtry34@state.gov,Male
Ludvig,lsnar35@blogger.com,Male
Cassie,cklasen36@mozilla.org,Genderqueer
Gary,gbaddow37@typepad.com,Male
Lynde,lklausewitz38@eepurl.com,Female
Brewer,bvandriel39@vistaprint.com,Male
Zed,zgoley3a@cafepress.com,Male
Mercedes,mfeatherstone3b@symantec.com,Female
Timothy,tczyz3c@hexun.com,Male
Allister,amullett3d@tripod.com,Male
Dedra,dsherred3e@walmart.com,Female
Juliann,jtruelock3f@loc.gov,Female
Eulalie,elibreros3g@scientificamerican.com,Female
Nicholas,nschulter3h@behance.net,Male
Lynette,linett3i@fda.gov,Female
Etienne,egranville3j@yahoo.com,Male
Kevina,kambrosi3k@pen.io,Female
Juliette,jgiovanni3l@ebay.co.uk,Female
Bevin,bmcglashan3m@springer.com,Male
Keelby,krevel3n@shop-pro.jp,Bigender
Tobiah,ttabrett3o@yale.edu,Male
Malissa,mmacgilpatrick3p@cisco.com,Genderfluid
Jessie,jhuccaby3q@ustream.tv,Male
Torrin,tgwalter3r@t.co,Male
Augustina,abennough3s@xrea.com,Female
Arman,askuse3t@examiner.com,Male
Aura,afolder3u@ca.gov,Female
Jose,jricardet3v@samsung.com,Male
Danice,dpoizer3w@quantcast.com,Female
Dennet,dfilchakov3x@foxnews.com,Male
Penn,prihosek3y@opensource.org,Bigender
Dosi,dbulfit3z@tamu.edu,Female
Rosaleen,rpellitt40@sourceforge.net,Female
Aurlie,aquarlis41@geocities.jp,Female
Odille,oskitch42@youku.com,Female
Lucas,lwillerstone43@amazonaws.com,Agender
Timmi,ttrusler44@yolasite.com,Female
Teodor,tworsnop45@nbcnews.com,Male
Alie,amaccrosson46@pagesperso-orange.fr,Female
Elmer,eyakunin47@icio.us,Male
Jaymie,jmulhall48@imgur.com,Male
Rouvin,rdraycott49@time.com,Male
Oralia,osquier4a@craigslist.org,Female
Ingunna,iselwyn4b@google.ru,Female
Melessa,mconville4c@google.fr,Female
Billy,bchopping4d@hibu.com,Female
Pepe,pfilippov4e@google.com,Male
Ted,theffernon4f@goo.gl,Male
Grover,gkop4g@patch.com,Male
Tatum,tcrack4h@wp.com,Female
Meridith,mnassey4i@pen.io,Polygender
Willette,wbeville4j@economist.com,Female
Zachery,zswitzer4k@sogou.com,Agender
Ephrayim,emccloch4l@unc.edu,Agender
Bartolemo,bgroombridge4m@dell.com,Male
Catrina,cputtnam4n@ifeng.com,Female
Kennett,kabramcik4o@nih.gov,Genderqueer
Mendy,mpontain4p@cocolog-nifty.com,Male
Flinn,fmariner4q@shareasale.com,Male
Elana,epennino4r@bloomberg.com,Female
Cyrill,cbytheway4s@indiatimes.com,Male
Davon,dpremble4t@clickbank.net,Male
Ash,asolan4u@paginegialle.it,Male
Marty,mlethem4v@hc360.com,Male
Levin,lhartly4w@xrea.com,Male
Jacenta,jrossander4x@chronoengine.com,Female
Dimitry,dmccorley4y@berkeley.edu,Male
Spenser,sdumper4z@icio.us,Male
Haroun,hmartinello50@4shared.com,Male
Edith,ecosker51@nyu.edu,Female
Marjory,mtwinning52@blinklist.com,Female
Lindsay,lrebichon53@youtu.be,Female
Robbin,rbulcroft54@google.ru,Female
Verine,vpickhaver55@chronoengine.com,Female
Sean,sfawthorpe56@cnn.com,Male
Myrtia,mphilot57@irs.gov,Female
Arni,ayedall58@independent.co.uk,Male
Arielle,aclementi59@wikimedia.org,Female
Elladine,etoffel5a@mashable.com,Female
Jobye,jingrey5b@intel.com,Female
Francisco,fbalmer5c@biblegateway.com,Male
Thea,tmilier5d@google.cn,Female
Eada,elamey5e@blogtalkradio.com,Female
Alverta,avidyapin5f@bizjournals.com,Female
Ephrem,efannin5g@delicious.com,Male
Peyter,pvanyushkin5h@imgur.com,Male
Shelia,snunan5i@pagesperso-orange.fr,Female
Dean,dpickhaver5j@discovery.com,Male
Wes,wcrunden5k@last.fm,Male
Marcello,mswanne5l@wisc.edu,Male
Kelley,kcranch5m@hatena.ne.jp,Female
Catherin,cbratton5n@microsoft.com,Female
Traci,tantonikov5o@artisteer.com,Female
Lonna,ldavana5p@cargocollective.com,Female
Sharai,scossum5q@mayoclinic.com,Female
Rube,rpeasgood5r@mail.ru,Male
Monro,mellick5s@wikia.com,Male
Charline,cgerrit5t@quantcast.com,Female
Lacee,lkibble5u@sciencedaily.com,Female
Shelley,sszimoni5v@de.vu,Male
Nannie,nbarby5w@twitter.com,Female
Ashlie,agotthard5x@people.com.cn,Female
Conroy,cderry5y@house.gov,Male
Dilly,dglasscoo5z@google.fr,Non-binary
Cristen,cfantin60@salon.com,Female
Dorothy,dpionter61@ning.com,Female
Corbett,cdelcastel62@uol.com.br,Male
Zebulon,zpeterken63@indiatimes.com,Male
Prudy,pfarebrother64@ifeng.com,Female
Dorene,dtrammel65@stumbleupon.com,Female
Fenelia,fdrieu66@slashdot.org,Genderqueer
Arvin,asywell67@squidoo.com,Male
Skippie,slincey68@fc2.com,Male
Helga,hkeeves69@mail.ru,Female
Nelie,nhuyge6a@fotki.com,Female
Patrice,pfryett6b@chronoengine.com,Female
Garrek,ghassard6c@foxnews.com,Male
Jecho,jhackinge6d@tumblr.com,Male
Terza,tmillea6e@wordpress.org,Female
Allan,aivankin6f@cargocollective.com,Male
Sandy,smcrory6g@hao123.com,Male
Shaylah,sthewles6h@artisteer.com,Genderfluid
Cherise,cpalin6i@furl.net,Female
Levy,lrihosek6j@eventbrite.com,Male
Tanhya,tpeizer6k@facebook.com,Female
Marieann,mfaers6l@weebly.com,Female
Zachery,zgionettitti6m@pcworld.com,Male
Raddy,rdevil6n@storify.com,Male
Briano,bhawe6o@dyndns.org,Male
Leola,lpowers6p@arstechnica.com,Female
Archaimbaud,aokill6q@chicagotribune.com,Male
Manon,mbalcock6r@hubpages.com,Bigender
Corilla,cchanter6s@wiley.com,Female
Anet,arosetti6t@360.cn,Female
Nonah,nsawford6u@github.com,Genderqueer
Florentia,fventris6v@instagram.com,Female
Channa,ccopcote6w@prlog.org,Female
Bryna,bsexty6x@imageshack.us,Female
Amber,atratton6y@furl.net,Female
Nicol,ncyson6z@ibm.com,Male
Iggy,ibernhardi70@ask.com,Male
Dov,dmalins71@ask.com,Male
Delphine,dedridge72@google.co.jp,Genderfluid
Filia,foffin73@ow.ly,Female
Arleen,arowthorne74@cornell.edu,Female
Milo,mscotney75@nasa.gov,Male
Jerome,jfeaver76@npr.org,Male
Daphne,dfreestone77@ning.com,Non-binary
Issi,ihurrion78@alibaba.com,Female
Waiter,wbarends79@blogs.com,Male
Romonda,rrebert7a@homestead.com,Female
Schuyler,sasson7b@cisco.com,Male
Torrence,thrinchenko7c@oracle.com,Male
Gil,gsykes7d@mediafire.com,Male
Caroljean,ckunze7e@ihg.com,Female
Niki,nwhimper7f@adobe.com,Male
Roby,rstreight7g@google.es,Female
Maris,mattawell7h@patch.com,Female
Rosella,rrogerot7i@joomla.org,Female
Stacee,sbabinski7j@bizjournals.com,Male
Vikki,vmcglynn7k@sakura.ne.jp,Female
Ronnie,rmariolle7l@hatena.ne.jp,Male
Allan,amoodycliffe7m@stumbleupon.com,Male
Kath,krubberts7n@google.cn,Female
Culver,cpalatini7o@si.edu,Male
Benedicto,bkabsch7p@mit.edu,Male
Laughton,lwatson7q@trellian.com,Male
Talbert,tcrichley7r@arizona.edu,Male
Adora,alucey7s@comsenz.com,Female
Carmel,cjosifovitz7t@hexun.com,Female
Lanae,lcraiker7u@paypal.com,Female
Walsh,wwimpey7v@un.org,Male
Kate,kbelasco7w@google.ru,Female
Traci,tfurber7x@telegraph.co.uk,Female
Waly,wizkovici7y@businessinsider.com,Bigender
Phebe,pglewe7z@ezinearticles.com,Agender
Loralyn,labden80@europa.eu,Female
Morie,mdeniseau81@histats.com,Male
Flin,fleblanc82@t.co,Male
Casie,cdysart83@prweb.com,Female
Lindi,ldungey84@storify.com,Female
Gabby,ggatecliffe85@marketwatch.com,Male
Rycca,rchristescu86@hostgator.com,Female
Sheba,srosiello87@smh.com.au,Female
Theobald,tbaldetti88@dagondesign.com,Male
Miquela,mforrest89@berkeley.edu,Female
Claudell,cspanton8a@theatlantic.com,Male
Maryl,msloam8b@weibo.com,Female
Susette,shalleday8c@google.com.hk,Female
Stanwood,sbusson8d@nyu.edu,Male
Pembroke,pbenam8e@columbia.edu,Male
Charlton,ctripon8f@t.co,Male
Henderson,hrodriguez8g@go.com,Male
Jarrid,jsibbert8h@taobao.com,Male
Monti,mbetteson8i@seattletimes.com,Male
Simone,sshirlaw8j@mapy.cz,Female
Brooks,bnappin8k@sun.com,Male
Nicholle,nbodemeaid8l@topsy.com,Female
Vinson,vapfelmann8m@yellowbook.com,Male
Merci,mrosberg8n@telegraph.co.uk,Female
Leila,lcolman8o@freewebs.com,Female
Monika,mcosens8p@usgs.gov,Female
Diandra,dfeldheim8q@bravesites.com,Female
Rance,rpavy8r@si.edu,Male
Ken,kduffree8s@godaddy.com,Male
Nelli,ntomblings8t@lycos.com,Female
Germain,gblacksland8u@smugmug.com,Female
Jasper,jeldrid8v@ted.com,Male
Zebadiah,zconkey8w@facebook.com,Male
Griz,gaimable8x@goodreads.com,Male
Marlow,mgibbens8y@lulu.com,Male
Tiertza,tjulyan8z@drupal.org,Female
Beryl,bdavley90@smh.com.au,Female
Olympie,oduerden91@cbslocal.com,Female
Kass,kmoulster92@pagesperso-orange.fr,Female
Loella,lreasun93@cbslocal.com,Female
Royall,rmasey94@chron.com,Male
Cathlene,ccrayker95@google.nl,Female
Otha,ohinken96@paypal.com,Female
Alexine,aganter97@hc360.com,Female
Roselia,rmungane98@goo.ne.jp,Female
Rycca,rdrury99@163.com,Female
Roseline,rpetroff9a@theatlantic.com,Female
Glori,gparton9b@yellowbook.com,Female
Evey,ekittle9c@histats.com,Female
Gardiner,gshannahan9d@icq.com,Male
Saxe,strippick9e@examiner.com,Male
Jourdan,jburland9f@admin.ch,Female
Garvey,gwalesa9g@t-online.de,Male
Sam,skeijser9h@cdbaby.com,Agender
Berk,btousy9i@cnn.com,Male
Wells,wvaughten9j@lycos.com,Male
Donn,dharral9k@gov.uk,Male
Husein,hmacieja9l@printfriendly.com,Male
Nikki,ncoveny9m@reference.com,Female
Cedric,crenyard9n@fc2.com,Male
Maury,mbexley9o@amazon.de,Male
Malissia,mfrid9p@un.org,Female
Normy,nwentworth9q@desdev.cn,Male
Silvester,sproom9r@marketwatch.com,Male
Lynnette,lmularkey9s@disqus.com,Female
Welch,wtonnesen9t@bravesites.com,Male
Ximenez,xhandman9u@g.co,Male
Lynette,lcabrales9v@free.fr,Female
Lexine,lmannering9w@altervista.org,Female
Cob,clethley9x@devhub.com,Male
Eddi,ejadczak9y@is.gd,Female
Henderson,hrableau9z@unc.edu,Male
Sansone,sthewysa0@google.ca,Male
Vaclav,vwhistlecrafta1@sun.com,Male
Emyle,eburdera2@who.int,Female
Constancy,ccollissa3@themeforest.net,Female
Sinclare,sdumkea4@last.fm,Male
Anna-diana,amacallana5@indiatimes.com,Female
Lenee,lmacfaydena6@springer.com,Female
Clarey,cgarmansona7@webeden.co.uk,Female
Fairfax,flidgatea8@fastcompany.com,Male
Joshia,jdiboldia9@facebook.com,Male
Winslow,wsandyfordaa@cbsnews.com,Male
Chevalier,cpitkethlyab@sfgate.com,Male
Rosina,rmaystonac@illinois.edu,Female
Eveleen,egreystockad@foxnews.com,Female
Perla,pturbefieldae@opensource.org,Female
Sisely,swillcotaf@mit.edu,Female
Willem,wgoldingag@google.fr,Male
Carolee,cbeardsleyah@bbb.org,Female
Rochelle,rduchanai@ask.com,Genderfluid
Felicio,fbuschaj@oracle.com,Male
Miranda,mhammorak@theglobeandmail.com,Agender
Christy,cbrunkeal@weebly.com,Male
Rorke,rbaissam@arizona.edu,Male
Orran,owornhaman@weebly.com,Male
Collie,cbirdisao@artisteer.com,Female
Frans,fchastanetap@t-online.de,Male
Der,dlepiscopioaq@bandcamp.com,Male
Cherlyn,cfluckerar@mozilla.org,Female
Sydel,skmicickias@wiley.com,Female
Rubina,raymesat@ucoz.ru,Female
Abbie,awestneyau@over-blog.com,Male
Stephanie,skiddleav@amazon.de,Female
Valerie,vdengelaw@purevolume.com,Female
Aloisia,achafneyax@shutterfly.com,Female
Olympia,oludlomay@fc2.com,Female
Nicole,nafieldaz@amazon.de,Female
Tobit,tbassanob0@alibaba.com,Male
Millie,mshoneb1@gmpg.org,Female
Rupert,rlemerchantb2@weather.com,Male
Joanna,jwinfindineb3@blogs.com,Female
Gunilla,gblabyb4@taobao.com,Female
Mayer,mburchettb5@taobao.com,Male
Mariya,mmcmackinb6@engadget.com,Female
Fairfax,fgomersalb7@surveymonkey.com,Male
Clarabelle,crumneyb8@is.gd,Female
Brett,broulstonb9@wiley.com,Female
Pryce,playba@archive.org,Male
Sharl,sloggbb@photobucket.com,Female
Mora,mbealsbc@ask.com,Polygender
Johnny,jgaveybd@artisteer.com,Male
Bekki,bpinchenbe@vistaprint.com,Female
Patricio,pjanousekbf@fema.gov,Male
Arielle,amorchbg@wisc.edu,Female
Kippie,kwhittingtonbh@pcworld.com,Male
Benn,basmusbi@tuttocitta.it,Genderfluid
Ingrid,iwarhurstbj@lycos.com,Female
Catlin,cmilesbk@creativecommons.org,Female
Tara,tmcquadebl@blog.com,Female
Aaren,adikesbm@multiply.com,Female
Lisha,loxbebn@time.com,Female
Dixie,dmerrimentbo@free.fr,Female
Page,pgoldsbroughbp@boston.com,Female
Olin,ocastellettibq@ca.gov,Male
Eolanda,eaindraisbr@edublogs.org,Female
Onofredo,oramelotbs@skyrock.com,Male
Tadeo,trodrigbt@opera.com,Male
Morey,mmacadambu@thetimes.co.uk,Non-binary
Gawen,gdreverbv@gnu.org,Male
Cate,cgodfreybw@ovh.net,Female
Flem,ftschiersebx@list-manage.com,Male
Amelia,ameinekenby@about.me,Female
Gladys,ggarwoodbz@tinypic.com,Female
Calhoun,cbiddlestonec0@mapquest.com,Male
Asa,ayorkec1@omniture.com,Male
Elnore,emcilwraithc2@bloglovin.com,Female
Melisent,mwhicherc3@scribd.com,Female
Mason,mcarbettc4@macromedia.com,Male
Merill,msimmellc5@woothemes.com,Male
Haleigh,hanniwellc6@google.co.jp,Male
Daisi,dpolakc7@unc.edu,Female
Tressa,tpitkinsc8@theguardian.com,Female
Tracy,tbresnenc9@soup.io,Male
Shoshana,sbehningca@themeforest.net,Female
Perren,phenriccb@rediff.com,Male
Ofelia,owishamcc@dailymotion.com,Female
Hildy,hsyrescd@springer.com,Female
Franky,fsentancece@cbsnews.com,Male
Tedda,tdareycf@e-recht24.de,Female
Andrew,aholtomcg@spiegel.de,Male
Joeann,jdegiorgich@boston.com,Female
Gilly,gcasarici@topsy.com,Female
Adelheid,arenihancj@buzzfeed.com,Female
Jacobo,jdadgeck@time.com,Male
Rania,rhunecl@edublogs.org,Female
Adel,ascholeycm@fc2.com,Non-binary
Weylin,wdampercn@cpanel.net,Male
Steffie,sitscowicsco@scientificamerican.com,Female
Sanders,sleggincp@ucsd.edu,Male
Analiese,asuscenscq@eepurl.com,Female
Audi,anorthcottcr@creativecommons.org,Female
Evelyn,efilescs@vkontakte.ru,Male
Fedora,fzackct@fc2.com,Female
Karmen,khostencu@google.cn,Female
Nestor,nheinzelcv@twitter.com,Male
Cassi,clyngstedcw@who.int,Female
Tabbitha,tickovcx@ustream.tv,Female
Danit,dghidellicy@salon.com,Female
Matty,mtuffieldcz@de.vu,Female
Penrod,ppulteneyed0@devhub.com,Male
Kingsly,kocrigand1@squidoo.com,Male
Perry,ppetrushkad2@hud.gov,Polygender
Gayelord,ghalegarthd3@wikipedia.org,Male
Maura,mbrotherheadd4@nih.gov,Female
Alford,aharrismithd5@macromedia.com,Male
Ermengarde,ekobielad6@youtu.be,Female
Haily,hdesantisd7@prnewswire.com,Male
Aindrea,aleidld8@ftc.gov,Female
Tamma,taxeld9@chronoengine.com,Female
Aloin,aklimekda@nps.gov,Male
Frederick,fhammermandb@usda.gov,Male
Gaylord,grandlesondc@simplemachines.org,Male
Neille,ngrutchfielddd@youku.com,Female
Archer,acleveleyde@alexa.com,Male
Marika,mmaharrydf@csmonitor.com,Female
Nariko,nfoucardg@cbsnews.com,Female
Garwin,gcastiglionedh@google.ca,Male
Kayley,kstrankdi@toplist.cz,Female
Pascal,pdurtneldj@eepurl.com,Male
Afton,ascarsbrickdk@jigsy.com,Genderqueer
Rebecka,rnancekivelldl@mashable.com,Female
Crissy,ckeywooddm@jugem.jp,Female
Steffen,spritchittdn@nps.gov,Male
Locke,lvaendo@sphinn.com,Male
Ferdinanda,fjuhrukedp@guardian.co.uk,Genderfluid
Beverlee,bheathfielddq@walmart.com,Polygender
Gwendolyn,ggomersalldr@4shared.com,Female
Conrade,civushkinds@whitehouse.gov,Male
Shea,sconnealydt@walmart.com,Male
Erskine,egorrissendu@narod.ru,Male
Marguerite,mcarnedv@slate.com,Female
Margalit,mtomasicchiodw@delicious.com,Female
Lu,ldrewsondx@state.gov,Female
Ray,rortelldy@mapy.cz,Male
Venus,vfeedz@cornell.edu,Female
Bax,bbradmoree0@intel.com,Male
Harbert,hcawse1@youtube.com,Male
Jordan,jjaraye2@blogspot.com,Male
Brent,bpavlove3@vimeo.com,Male
Rossy,rconnolde4@bbb.org,Genderqueer
Dottie,dduigane5@blogs.com,Female
Toby,tquartermane6@biglobe.ne.jp,Female
Bernhard,bleedse7@cyberchimps.com,Male
Lauritz,lgalvane8@reverbnation.com,Male
Corabelle,cpotese9@addthis.com,Genderqueer
Germain,gchamberlinea@aol.com,Male
Griz,gschafflereb@springer.com,Male
Demetria,dkerinec@soundcloud.com,Agender
Napoleon,nwyldboreed@aol.com,Male
Silvana,sroseree@topsy.com,Female
Doris,dstookef@webnode.com,Female
Beltran,bwhyborneeg@dell.com,Genderfluid
Jerome,jcatteleh@people.com.cn,Male
Kasper,ksealoveei@unblog.fr,Male
Packston,pdannelej@prlog.org,Male
Hamlen,haloigiek@google.ca,Male
Else,eflandersel@howstuffworks.com,Female
Homere,hestickem@cpanel.net,Male
Kristy,krochforden@eventbrite.com,Female
Konstantine,kmcowaneo@si.edu,Non-binary
Bibbye,bpeglerep@amazonaws.com,Female
Melina,mkensingtoneq@unblog.fr,Female
Joni,jwittser@paypal.com,Female
Venus,vlavenderes@dailymail.co.uk,Female
Ferdinande,fcoronaset@mediafire.com,Female
Waneta,wcollibereu@theglobeandmail.com,Female
Fields,fwoakesev@state.tx.us,Male
Even,eberensew@etsy.com,Male
Alix,afrazierex@so-net.ne.jp,Non-binary
Kristyn,kcowpey@java.com,Female
Grayce,gerniez@histats.com,Female
Dorella,dloveridgef0@mac.com,Female
Ferdinande,fdyshartf1@pbs.org,Female
Ailsun,abraggf2@nsw.gov.au,Female
Violette,vdeverellf3@google.co.jp,Female
Georgiana,ggioanif4@businesswire.com,Female
Pavia,pmooneyf5@biblegateway.com,Female
Codee,cgionettittif6@miibeian.gov.cn,Female
Magdalen,mlilburnf7@omniture.com,Female
Delcina,ddunnanf8@earthlink.net,Female
Damara,druscoef9@hubpages.com,Agender
Sylvester,skitchenhamfa@ifeng.com,Male
Wakefield,wvarfalameevfb@mayoclinic.com,Male
Angelia,aspriggenfc@clickbank.net,Female
Evangelina,ebeisleyfd@list-manage.com,Female
Any,amonsonfe@blogger.com,Bigender
Vernor,vpocknollff@w3.org,Non-binary
Geoff,gstannisfg@adobe.com,Male
Sibby,sderechterfh@naver.com,Female
Zacherie,zdianofi@buzzfeed.com,Male
Dwight,dhazlefj@smh.com.au,Male
Nicolai,nlejeanfk@comsenz.com,Male
Dusty,dcowndleyfl@infoseek.co.jp,Female
Lois,lgrundeyfm@state.tx.us,Female
Kipp,kgainsfordfn@chicagotribune.com,Female
Virginie,vfirbyfo@last.fm,Agender
Arabelle,astantonfp@archive.org,Female
Arleen,aalliotfq@newsvine.com,Female
Prescott,pthackefr@cornell.edu,Male
Fancy,fleipoldfs@merriam-webster.com,Female
Brion,bbonaviaft@admin.ch,Male
Alick,atarplyfu@reddit.com,Male
Row,rginnifv@foxnews.com,Female
Doug,dsimfw@cafepress.com,Male
Giusto,gcamilifx@istockphoto.com,Male
Brandise,bfawloefy@webmd.com,Agender
Vita,vlicarifz@soup.io,Female
Grantley,gmacroryg0@ning.com,Male
Monica,mlandrieug1@cbslocal.com,Female
Gabby,gbyardg2@smh.com.au,Male
Evin,etayntong3@spotify.com,Male
Danica,dformbyg4@ted.com,Female
Susana,sbernetteg5@census.gov,Female
Layne,lethertong6@answers.com,Female
Rockie,rbreckellg7@woothemes.com,Non-binary
Donnajean,dwalteringg8@house.gov,Female
Armand,agoakesg9@purevolume.com,Male
Bryan,bnadinga@bigcartel.com,Male
Jacqueline,jpedrocchigb@sciencedaily.com,Female
Rosalyn,rharpurgc@ucla.edu,Agender
Sammy,slottegd@chronoengine.com,Male
Garner,giacofoge@umn.edu,Male
Jude,jlaterzagf@com.com,Male
Martelle,mvongrollmanngg@drupal.org,Female
Brant,bpadburygh@sohu.com,Male
William,wcabreragi@walmart.com,Male
Nikki,nmaffigj@diigo.com,Male
Sheilakathryn,stwintermangk@plala.or.jp,Female
Denney,dbalaizotgl@reuters.com,Male
Gaspar,ghunnywellgm@ocn.ne.jp,Male
Kare,ksidebothamgn@baidu.com,Agender
Gay,gchicottigo@dagondesign.com,Male
Elga,esiemensgp@java.com,Female
Bret,bsugarsgq@admin.ch,Male
Waldon,wiwanowiczgr@pagesperso-orange.fr,Male
Gustavo,ghartmanngs@cyberchimps.com,Male
Liv,ldabesgt@netscape.com,Female
Tilly,tfrymangu@mit.edu,Female
Anson,aastillgv@businessinsider.com,Male
Cayla,ckenwortheygw@foxnews.com,Female
Marillin,mcroosegx@comsenz.com,Female
Natassia,ncroslandgy@aol.com,Female
Fons,fduddangz@theatlantic.com,Agender
Demeter,dgrigoireh0@telegraph.co.uk,Female
Benn,bkembryh1@baidu.com,Male
Leoline,lschoroderh2@businesswire.com,Female
Teriann,tmcbethh3@eepurl.com,Female
Bordy,bsarllh4@opera.com,Male
Natal,nklash5@liveinternet.ru,Male
Karita,knultyh6@disqus.com,Female
Hurley,hbaulchh7@kickstarter.com,Male
Giff,gportinarih8@epa.gov,Male
Garek,gfalkinderh9@slate.com,Male
Hugues,hfronsekha@51.la,Male
Billy,bjenkinsonhb@yale.edu,Agender
Doria,dfaldoehc@slate.com,Female
Leola,lmcnicklehd@archive.org,Female
Nicky,nboggonhe@linkedin.com,Female
Alisa,apeizerhf@w3.org,Female
Collete,clayfieldhg@uol.com.br,Female
Butch,bkenefordhh@google.com.au,Male
Hilde,hpantlinghi@nasa.gov,Female
John,jearleyhj@webnode.com,Male
Orin,oraisehk@uol.com.br,Male
Inness,ithomenhl@hatena.ne.jp,Male
Eula,ethunnercliffehm@cocolog-nifty.com,Female
Bryna,bmaxwellhn@shop-pro.jp,Female
Shaine,sletherburyho@purevolume.com,Female
Frazer,fpickerinhp@disqus.com,Male
Karla,kdoylehq@behance.net,Female
Hussein,hscamwellhr@youku.com,Non-binary
Sharron,strumblehs@nba.com,Female
Dame,dbarusht@ox.ac.uk,Male
Sam,spettisallhu@guardian.co.uk,Female
Abe,abullionhv@google.it,Male
Jan,jfeethamhw@wiley.com,Female
Cissy,ccrampsyhx@elpais.com,Female
Geoff,gaxelhy@nhs.uk,Male
Avivah,amagwoodhz@macromedia.com,Female
Lane,leassoni0@t-online.de,Male
Vernice,vbartoti1@webs.com,Female
Gusta,gabramovicii2@ycombinator.com,Female
Sasha,spizzeyi3@privacy.gov.au,Male
Judon,jbiasettii4@github.io,Male
Teddy,tcumberpatchi5@sfgate.com,Male
Melanie,mkyteleyi6@naver.com,Female
Martie,mcoursori7@nifty.com,Female
Brandy,bmalsteri8@altervista.org,Male
Thorny,tolennanei9@wix.com,Male
Humfrey,hcatlingia@hibu.com,Male
Hamlen,hbrandonib@creativecommons.org,Male
Gabrila,gcastielloic@sogou.com,Female
Flinn,fbegginiid@squarespace.com,Genderqueer
Wendi,wclemowie@usatoday.com,Female
Park,plinggardif@odnoklassniki.ru,Male
Clive,cyeuletig@skyrock.com,Male
Paolo,ppinneyih@nytimes.com,Male
Myrtie,mvellaii@columbia.edu,Genderqueer
Stearn,smacnameeij@businessweek.com,Male
Lu,lhimpsonik@vimeo.com,Female
Stacee,sdemseyil@friendfeed.com,Male
Alessandro,achanningim@ca.gov,Male
Cody,cgallonin@technorati.com,Male
Reina,rlakeyio@nature.com,Female
Che,cmaffioniip@odnoklassniki.ru,Male
Giulia,gdiableiq@ted.com,Female
Antoinette,agiannazziir@hubpages.com,Polygender
Suzanna,sgrubeis@un.org,Female
Arlena,aborlandit@wordpress.com,Female
Yancy,yhollyardiu@go.com,Male
Michal,mscarlaniv@amazonaws.com,Female
Gannie,gchealeiw@ihg.com,Male
Lanette,lknightix@wiley.com,Female
Nellie,nbreaganiy@photobucket.com,Female
Shandra,sbickardikeiz@newyorker.com,Female
Natalina,nspoorsj0@ucoz.com,Female
Trever,tgobbettj1@msn.com,Male
Datha,dfiddemanj2@nasa.gov,Female
Deirdre,dwakesj3@wikia.com,Female
Adam,apriddisj4@yale.edu,Male
Opalina,osapsfordej5@sina.com.cn,Female
Bridget,bcuruclisj6@comcast.net,Female
Breena,bmutterj7@lycos.com,Female
Bram,bdanbyj8@dagondesign.com,Male
Pris,ptinklinj9@ocn.ne.jp,Female
Florette,fracherja@ycombinator.com,Female
Benito,bholseyjb@artisteer.com,Male
Aksel,abattjc@ucla.edu,Male
Emma,egilloppjd@imdb.com,Female
Kenyon,kdugganje@pcworld.com,Male
Adelbert,astapelsjf@etsy.com,Polygender
Antin,apassionjg@imdb.com,Male
Gizela,gboydonjh@dropbox.com,Female
Jermaine,jbremeyerji@paginegialle.it,Male
Carlene,cblazicjj@wix.com,Female
Marleen,mcasoljk@blog.com,Female
Leeanne,lwalentynowiczjl@mapquest.com,Female
Denys,dpidginjm@livejournal.com,Genderfluid
Bellanca,bcozensjn@i2i.jp,Female
Lorry,lximenezjo@gizmodo.com,Male
Lowell,ltaggertjp@dot.gov,Genderqueer
Hazel,hinstockjq@mashable.com,Male
Carver,ctoorjr@wiley.com,Non-binary
Egan,eclevelyjs@dell.com,Male
Gill,gcastilljojt@tinypic.com,Female
Tracy,tloydju@youku.com,Female
Sharyl,smanaghjv@google.es,Female
Devon,dbrasteadjw@huffingtonpost.com,Female
Nikola,nbewjx@cnn.com,Male
Yetty,yniavejy@cocolog-nifty.com,Female
Susi,schessorjz@alexa.com,Female
Brear,bguwerk0@bloglines.com,Female
Morgan,mdodswellk1@aol.com,Non-binary
Vernon,vpaddisonk2@cdc.gov,Male
Yorker,ylapreek3@unicef.org,Male
Dorisa,dagassk4@nature.com,Female
Maris,mfinicjk5@biglobe.ne.jp,Female
Arden,aasquezk6@telegraph.co.uk,Bigender
Rozelle,rcomettoik7@rambler.ru,Female
Erik,ejewissk8@sourceforge.net,Polygender
Myrah,mminghellak9@tumblr.com,Female
Ashla,acawsonka@usgs.gov,Female
Gillie,gbharkb@goo.ne.jp,Female
Ferguson,ffebvrekc@acquirethisname.com,Male
Jeremias,jchamleykd@hibu.com,Male
Aimil,alowndsboroughke@soup.io,Female
Phillis,pblankingkf@wiley.com,Bigender
Jacob,jwoloschinkg@telegraph.co.uk,Male
Toni,tcrosswaitekh@github.io,Female
Ninnette,nnasiki@hostgator.com,Female
Cher,cbutterickkj@amazonaws.com,Female
Myrilla,mdunbletonkk@hao123.com,Female
Mozes,mdispencerkl@economist.com,Male
Morton,mdiackkm@berkeley.edu,Non-binary
Conroy,cquelchkn@google.co.uk,Male
Jabez,jcomettoiko@theatlantic.com,Agender
Glynis,gdavidovickp@thetimes.co.uk,Genderqueer
Bryn,blindsaykq@youtube.com,Female
Rockey,rkilbornkr@themeforest.net,Male
Lazaro,lbraniffks@instagram.com,Genderqueer
Ediva,edimnagekt@google.pl,Female
Brandice,bdeareku@photobucket.com,Female
Umberto,usmeeskv@usa.gov,Male
Yard,yelacoatekw@msn.com,Non-binary
Livvy,lshowerskx@ustream.tv,Female
Biron,bornilsky@jiathis.com,Male
Isabelle,iwoollardkz@scribd.com,Female
Theobald,traultl0@phoca.cz,Male
Christin,cgatissl1@usa.gov,Female
Benjie,bofeenyl2@arstechnica.com,Male
Starlin,snettlel3@dedecms.com,Female
Howard,hthomessonl4@tumblr.com,Bigender
Allianora,awillemanl5@blog.com,Female
Cherish,ccoxalll6@ebay.co.uk,Female
Elroy,esidaryl7@foxnews.com,Male
Gibb,gybarral8@elpais.com,Genderqueer
Brien,bhammondl9@mashable.com,Male
Rex,rtampionla@thetimes.co.uk,Male
Cristian,cearrylb@blogs.com,Male
Lowe,lborellc@ox.ac.uk,Male
Theo,tellswortheld@mapy.cz,Female
Frankie,florkinsle@shutterfly.com,Genderfluid
Rand,rstanlacklf@sciencedaily.com,Male
Minnaminnie,mcorderolg@google.co.jp,Female
Boy,batkirklh@cnet.com,Male
Carmela,cshatliffeli@over-blog.com,Female
Randie,rkleinsingerlj@youtu.be,Female
Filip,faldrichlk@berkeley.edu,Male
Augy,ayouteadll@naver.com,Agender
Darnall,dhorbathlm@networksolutions.com,Male
Garik,gharseln@cocolog-nifty.com,Male
Georgetta,gdoggrelllo@stanford.edu,Female
Letty,laleninlp@jigsy.com,Female
Crawford,caxtonnelq@mayoclinic.com,Male
Celle,cedesslr@home.pl,Female
Marshal,mreyesls@t-online.de,Male
Arlie,athunderchieflt@networkadvertising.org,Female
Diarmid,djosephovlu@qq.com,Male
Dev,dbramwelllv@dailymail.co.uk,Male
Rogers,rjandellw@cloudflare.com,Male
Gabriele,ghaysarlx@stumbleupon.com,Male
Cyndy,cgyteshamly@earthlink.net,Female
Ogden,osemanlz@nps.gov,Male
Luz,lviccarsm0@apache.org,Genderqueer
Richmound,rhessingm1@jiathis.com,Male
Patsy,pspittallm2@pagesperso-orange.fr,Female
Nickolas,nboldenm3@instagram.com,Male
Dietrich,drhulem4@shutterfly.com,Genderfluid
Budd,brootesm5@home.pl,Male
Deina,dtabnerm6@accuweather.com,Female
Jamil,jcrutchfieldm7@yale.edu,Male
Nicki,ncarnalanm8@newyorker.com,Female
Emlyn,emcilherranm9@vimeo.com,Female
Val,vmactimpanyma@miibeian.gov.cn,Male
Ase,acowlemb@1688.com,Male
Arturo,alumbymc@livejournal.com,Male
Aviva,achamperlenmd@webeden.co.uk,Female
Prentiss,pdishmonme@prlog.org,Male
Coriss,cmccaghanmf@sogou.com,Female
Farlay,flordmg@addtoany.com,Male
Lonnard,laucottmh@cloudflare.com,Bigender
Maximilianus,mgrayshanmi@xing.com,Male
Tami,tsandsmj@psu.edu,Female
Tabbatha,tgermonmk@gizmodo.com,Genderqueer
Sharon,spatmanml@xing.com,Female
Des,dclampmm@java.com,Male
Deanna,dwilcockesmn@wordpress.com,Female
Alasteir,arowleymo@cargocollective.com,Male
Brooks,btackermp@miitbeian.gov.cn,Female
Reinaldo,rferrarimq@senate.gov,Agender
Sarajane,svallermr@friendfeed.com,Female
Lizabeth,ldavetms@marketwatch.com,Female
Mathias,mbeezemt@cdbaby.com,Male
Malena,mstefimu@arizona.edu,Female
Cordelie,ccowpertwaitmv@tinypic.com,Female
Luigi,lmunbymw@springer.com,Male
Jackie,jglasgowmx@hhs.gov,Male
Kata,kyaldenmy@archive.org,Female
Bat,bloveladymz@state.gov,Male
Phil,pfennelln0@abc.net.au,Female
Gunner,gmuffn1@people.com.cn,Male
Marty,mmartinien2@altervista.org,Male
Sandy,sethingtonn3@wsj.com,Non-binary
Pooh,pleysn4@washington.edu,Female
Prentiss,pstockalln5@youku.com,Male
Kennith,kblampiedn6@clickbank.net,Male
Sibley,slillfordn7@storify.com,Female
Tuesday,tpeatn8@tiny.cc,Female
Walton,wcraufurdn9@bigcartel.com,Male
Vinita,vmahonna@opensource.org,Female
Linus,lseyfartnb@cbsnews.com,Male
Crystal,cmckeanc@photobucket.com,Genderqueer
Rowland,rrambautnd@myspace.com,Male
Mitchel,modwyerne@answers.com,Male
Loralee,lharriesnf@sbwire.com,Female
Lincoln,lwinstonng@mac.com,Male
Kiele,krisomnh@wordpress.org,Female
Bron,bswattenni@vk.com,Male
Ellsworth,egiorgininj@eventbrite.com,Male
Kathye,kromank@google.com.br,Female
Selma,swisedalenl@phoca.cz,Female
Kaela,klystonnm@jiathis.com,Agender
Cletis,cpostillnn@nationalgeographic.com,Male
Ann-marie,alowthorpeno@t.co,Female
Joice,jvinnicknp@diigo.com,Female
Archer,acarlislenq@t.co,Bigender
Goraud,gelcouxnr@hugedomains.com,Male
Cherri,cclohiseyns@issuu.com,Female
Jourdan,jvernnt@buzzfeed.com,Female
Millie,mspurdennu@java.com,Agender
Gregor,gmaydwellnv@hatena.ne.jp,Male
Cirillo,ccardisnw@weather.com,Male
Lenore,ltilneynx@hatena.ne.jp,Agender
Wallie,wnobesny@skype.com,Male
Rosalyn,rduigenannz@amazon.de,Female
Mignon,mbackeso0@cbsnews.com,Female
Eba,ecottillo1@slashdot.org,Female
Regine,rbuckleso2@dropbox.com,Female
Cahra,crupertio3@eventbrite.com,Female
Mamie,momando4@samsung.com,Female
Bobbee,bcarpmileo5@theatlantic.com,Female
Masha,mrossborougho6@microsoft.com,Bigender
Quill,qbarcao7@apple.com,Male
Sammy,sbecerrao8@ucoz.com,Female
Melba,mlinckeo9@wiley.com,Bigender
Marni,mspeeroa@businessweek.com,Female
Matilda,mwraggeob@naver.com,Female
Earvin,eswiffanoc@state.gov,Male
Massimo,mhaxbieod@eventbrite.com,Male
Coralie,cfromantoe@tiny.cc,Female
Paloma,psmetounof@hhs.gov,Female
Egan,ematticciog@msn.com,Male
Ethelred,eleesoh@dedecms.com,Male
Pebrook,psuddabyoi@elpais.com,Male
Kareem,kjacobszoj@shop-pro.jp,Male
Donovan,dkneeok@elpais.com,Male
Marney,mmccorryol@blogspot.com,Female
Dante,dmerrittom@sphinn.com,Male
Celle,cpitchfordon@constantcontact.com,Female
Drusi,dglanvilloo@hostgator.com,Female
Kendra,kchangop@networkadvertising.org,Female
Cori,ctwiddelloq@youtube.com,Female
Ker,klammersor@unicef.org,Male
Terra,tbrugdenos@msu.edu,Female
Patin,preeksot@e-recht24.de,Male
Sarine,sbolleyou@behance.net,Bigender
Tracy,tstairmandov@blog.com,Female
Phip,phowleyow@slashdot.org,Male
Shanna,skittoox@cbsnews.com,Female
Yancey,yschimonoy@unc.edu,Male
Rebe,reyreeoz@prnewswire.com,Female
Desirae,dseylerp0@princeton.edu,Female
Cosme,cpezeyp1@woothemes.com,Male
Mortie,mborboroughp2@amazon.de,Male
Rebeca,ruttleyp3@rambler.ru,Female
Selena,ssnowmanp4@posterous.com,Agender
Dorene,deddollsp5@va.gov,Female
Salli,sbreckenp6@wp.com,Female
Fergus,fwaitonp7@t-online.de,Male
Jodi,jmandelp8@japanpost.jp,Male
Case,cclinesp9@reference.com,Male
Vinita,vblackburnpa@deliciousdays.com,Female
Selina,sdadleypb@squidoo.com,Female
Cheri,cdansiepc@instagram.com,Female
Erinn,ebothenpd@ucla.edu,Female
Cayla,chofpe@virginia.edu,Female
Aigneis,amcruviepf@ucsd.edu,Female
Sharai,scrichpg@live.com,Female
Anna-diane,aleahph@cbslocal.com,Polygender
Ashlee,abudnkpi@trellian.com,Female
Seka,selhampj@g.co,Female
Ingram,ipollendinepk@mashable.com,Male
Jolene,jdearnleypl@meetup.com,Female
Abagael,awadepm@last.fm,Female
Cad,cromaynepn@marriott.com,Genderfluid
Juliann,jstudeartpo@friendfeed.com,Female
Gasparo,gbeenhampp@histats.com,Male
Nels,nloveridgepq@moonfruit.com,Male
Joya,jclowspr@cafepress.com,Female
Chloe,cdenisovichps@chicagotribune.com,Female
Alden,agyurkopt@psu.edu,Male
Florian,fallowaypu@si.edu,Male
Issi,ibenezpv@ox.ac.uk,Female
Pascale,pyushkinpw@zimbio.com,Male
Fair,fclarkpx@chicagotribune.com,Male
Barri,boshirinepy@miitbeian.gov.cn,Male
Jody,jkleispz@ed.gov,Male
Crawford,cparkynq0@netscape.com,Male
Lemuel,lgehringq1@slashdot.org,Male
Titus,tpiddockq2@umich.edu,Male
Nikolaos,nphipsonq3@ask.com,Genderfluid
Aldin,astyantq4@deliciousdays.com,Genderfluid
Erny,eklulicekq5@nbcnews.com,Genderqueer
Todd,thawardq6@china.com.cn,Male
Adler,acollidgeq7@who.int,Male
Forest,fmcmanamonq8@hubpages.com,Male
Juan,jpreciousq9@indiegogo.com,Male
Myrtle,mgarfathqa@mail.ru,Female
Blondie,bpetegreeqb@squarespace.com,Female
Rachele,rcrakerqc@irs.gov,Female
Ansel,agoriqd@ebay.com,Male
Cass,clemoucheuxqe@lulu.com,Female
Dore,dmitchellqf@about.com,Male
Peder,phubboldqg@bing.com,Male
Mireielle,mengelmannqh@goo.gl,Female
Jacqueline,jpembridgeqi@hud.gov,Female
Uriah,ujeppqj@jimdo.com,Male
Rriocard,redmondsonqk@squidoo.com,Male
Stacee,scurnessql@nyu.edu,Male
Frasquito,frathboneqm@ifeng.com,Male
Kaela,kcluttenqn@studiopress.com,Female
Cirillo,cwrethamqo@stanford.edu,Male
Celinka,cclowsqp@latimes.com,Female
Nataniel,ningoldqq@a8.net,Male
Adriane,aarnotqr@google.co.uk,Female
Kinsley,kmereweatherqs@biblegateway.com,Male
Chance,cackersqt@delicious.com,Male
Maddy,mlegrandqu@skype.com,Male
Bram,bjeandelqv@unblog.fr,Male
Edna,estanyforthqw@studiopress.com,Female
Danni,dkleslqx@google.co.jp,Female
Cordy,cheelisqy@amazonaws.com,Male
Laurie,lzanioliniqz@virginia.edu,Male
Benjamen,bgoldr0@printfriendly.com,Male
Thoma,twardingleyr1@geocities.com,Male
Itch,icornockr2@artisteer.com,Male
Chad,caspinallr3@usatoday.com,Male
Dorita,delsmerer4@paypal.com,Female
Raynell,rseabonr5@va.gov,Female
Rosco,rcurmr6@youtu.be,Male
Eduino,etaillantr7@mozilla.org,Male
Jecho,jalleryr8@yellowpages.com,Male
Alphonse,aduferr9@hud.gov,Male
Delmor,dpeerra@nydailynews.com,Male
Scotti,smarkrb@paginegialle.it,Male
Estell,eoleshuninrc@networksolutions.com,Female
Nealon,ntyrwhittrd@tinypic.com,Male
Walton,wfairholmre@netlog.com,Male
Barris,beilhartrf@mediafire.com,Male
Sandie,scozensrg@altervista.org,Agender
Analiese,acramptonrh@ovh.net,Female
Davita,deacleri@issuu.com,Female
Barbara,bmathiasrj@nationalgeographic.com,Female
Kristos,knowakrk@blogtalkradio.com,Male
Frasquito,fyeendrl@scribd.com,Male
Amy,ahorryrm@yahoo.co.jp,Agender
Patricia,pwestrn@telegraph.co.uk,Female
Orson,oattridero@prweb.com,Male
Axe,anoyerp@gmpg.org,Male
Darice,dmathevonrq@aol.com,Female
Atlanta,awhistlecroftrr@storify.com,Female
